CNPJ_CIA;DT_REFER;VERSAO;DENOM_CIA;CD_CVM;CATEG_DOC;ID_DOC;DT_RECEB;LINK_DOC
00.416.968/0001-01;2022-03-31;1;BANCO INTER S.A.;024406;DFP;115296;2022-05-16;http://www.rad.cvm.gov.br/ENETCONSULTA/frmDownloadDocumento.aspx?CodigoInstituicao=1&NumeroSequencialDocumento=115296
06.981.381/0001-13;2022-03-31;1;CTC - CENTRO DE TECNOLOGIA CANAVIEIRA S.A.;023981;DFP;115332;2022-05-16;http://www.rad.cvm.gov.br/ENETCONSULTA/frmDownloadDocumento.aspx?CodigoInstituicao=1&NumeroSequencialDocumento=115332
08.070.508/0001-78;2022-03-31;1;RAIZEN ENERGIA S.A.;023230;DFP;115218;2022-05-13;http://www.rad.cvm.gov.br/ENETCONSULTA/frmDownloadDocumento.aspx?CodigoInstituicao=1&NumeroSequencialDocumento=115218
31.701.408/0001-14;2022-03-31;1;ATHENA SA�DE BRASIL SA;025810;DFP;115447;2022-05-17;http://www.rad.cvm.gov.br/ENETCONSULTA/frmDownloadDocumento.aspx?CodigoInstituicao=1&NumeroSequencialDocumento=115447
33.453.598/0001-23;2022-03-31;1;RA�ZEN S.A.;025917;DFP;115219;2022-05-13;http://www.rad.cvm.gov.br/ENETCONSULTA/frmDownloadDocumento.aspx?CodigoInstituicao=1&NumeroSequencialDocumento=115219
64.904.295/0001-03;2022-02-28;1;CAMIL ALIMENTOS S.A.;024228;DFP;115575;2022-05-19;http://www.rad.cvm.gov.br/ENETCONSULTA/frmDownloadDocumento.aspx?CodigoInstituicao=1&NumeroSequencialDocumento=115575
