CNPJ_Companhia;Data_Referencia;Versao;ID_Documento;ID_Capital_Social_Reducao;Tipo_Classe_Acao_Preferencial;Quantidade_Acoes
01.258.945/0001-70;2019-01-01;1;84729;10274;Preferencial Classe B;9831
01.258.945/0001-70;2019-01-01;1;84729;10275;Preferencial Classe A;117102
07.253.321/0001-47;2019-01-01;1;84438;10226;Preferencial Classe A;1
14.998.371/0001-19;2019-01-01;10;92853;11168;Preferencial Classe A;1642891
14.998.371/0001-19;2019-01-01;10;92853;11168;Preferencial Classe B;41
33.352.394/0001-04;2019-01-01;13;95108;11414;Preferencial Classe A;90050693404
62.002.886/0001-60;2019-01-01;5;94270;11336;Preferencial Classe A;2939
62.002.886/0001-60;2019-01-01;5;94270;11336;Preferencial Classe B;419
