CNPJ_Companhia;Data_Referencia;Versao;ID_Documento;Sigla_Classe_Acoes_Preferenciais;Classe_Acoes_Preferenciais;Quantidade_Acoes_Preferenciais_Circulacao;Percentual_Acoes_Preferenciais_Circulacao
01.104.937/0001-70;2022-01-01;1;115565;PNA;Preferencial Classe A;0;0.000000
02.105.040/0001-23;2022-01-01;1;114700;PNA;Preferencial Classe A;246;0.590651
02.635.522/0001-95;2022-03-31;4;110837;PNA;Preferencial Classe A;0;0.000000
02.998.611/0001-04;2022-01-01;1;115592;PNA;Preferencial Classe A;0;0.000000
04.368.898/0001-06;2022-01-01;2;115606;PNA;Preferencial Classe A;0;0.000000
07.275.159/0001-68;2022-01-01;1;114741;PNA;Preferencial Classe A;226530;13.550000
07.275.159/0001-68;2022-01-01;1;114741;PNB;Preferencial Classe B;536835;32.100000
07.275.159/0001-68;2022-01-01;1;114741;PNC;Preferencial Classe C;908881;54.350000
15.139.629/0001-94;2022-01-01;1;115615;PNA;Preferencial Classe A;324289;0.295000
17.161.241/0001-15;2022-01-01;2;114246;PNA;Preferencial Classe A;0;0.000000
30.540.991/0001-66;2022-01-01;1;115523;PNA;Preferencial Classe A;0;0.000000
42.737.954/0001-21;2022-01-01;1;113888;PNA;Preferencial Classe A;0;0.000000
46.119.855/0001-37;2022-01-01;1;114528;PNA;Preferencial Classe A;0;0.000000
56.992.423/0001-90;2022-01-01;1;114317;PNA;Preferencial Classe A;0;0.000000
61.082.004/0001-50;2022-01-01;1;114529;PNA;Preferencial Classe A;538886;99.997402
68.400.225/0001-79;2022-06-30;3;112000;PNA;Preferencial Classe A;0;0.000000
82.508.433/0001-17;2022-01-01;1;115577;PNA;Preferencial Classe A;42977;0.010000
82.643.537/0001-34;2022-01-01;2;114024;PNA;Preferencial Classe A;12750000;56.666667
85.778.074/0001-06;2022-01-01;1;115556;PNA;Preferencial Classe A;1219729;100.000000
86.375.425/0001-09;2022-01-01;1;114303;PNA;Preferencial Classe A;0;0.000000
88.613.658/0001-10;2022-06-30;2;111095;PNA;Preferencial Classe A;31573760;100.000000
93.828.986/0001-73;2022-01-01;1;115505;PNA;Preferencial Classe A;23246;65.127616
