CNPJ_Companhia;Data_Referencia;Versao;ID_Documento;ID_Capital_Social_Aumento;Tipo_Classe_Acao_Preferencial;Quantidade_Acoes
02.643.896/0001-52;2021-01-01;1;105291;313450;Preferencial Classe A;10
06.948.969/0001-75;2021-01-01;3;106436;317902;Preferencial Classe A;764906
06.948.969/0001-75;2021-01-01;3;106436;317903;Preferencial Classe B;2759983
15.115.504/0001-24;2021-01-01;1;105219;313248;Preferencial Classe A;2468448
15.115.504/0001-24;2021-01-01;1;105219;313248;Preferencial Classe B;1303622
32.803.503/0001-91;2021-01-01;2;107546;320435;Preferencial Classe B;4353312
